{
  "generatedAt": "2025-09-18T00:00:00Z",
  "items": [
    {
      "title": "AI Mega Offer #1",
      "description": "Trending ai digital product with high conversion.",
      "price": "USD 19",
      "url": "https://hop.clickbank.net/?affiliate=yourid&vendor=offer001"
    },
    {
      "title": "Business Mega Offer #2",
      "description": "Trending business digital product with high conversion.",
      "price": "USD 27",
      "url": "https://hop.clickbank.net/?affiliate=yourid&vendor=offer002"
    },
    {
      "title": "Business Mega Offer #3",
      "description": "Trending business digital product with high conversion.",
      "price": "USD 17",
      "url": "https://hop.clickbank.net/?affiliate=yourid&vendor=offer003"
    },
    {
      "title": "AI Mega Offer #4",
      "description": "Trending ai digital product with high conversion.",
      "price": "USD 21",
      "url": "https://hop.clickbank.net/?affiliate=yourid&vendor=offer004"
    },
    {
      "title": "Finance Mega Offer #5",
      "description": "Trending finance digital product with high conversion.",
      "price": "USD 47",
      "url": "https://hop.clickbank.net/?affiliate=yourid&vendor=offer005"
    },
    {
      "title": "AI Mega Offer #6",
      "description": "Trending ai digital product with high conversion.",
      "price": "USD 17",
      "url": "https://hop.clickbank.net/?affiliate=yourid&vendor=offer006"
    },
    {
      "title": "Beauty Mega Offer #7",
      "description": "Trending beauty digital product with high conversion.",
      "price": "USD 37",
      "url": "https://hop.clickbank.net/?affiliate=yourid&vendor=offer007"
    },
    {
      "title": "Marketing Mega Offer #8",
      "description": "Trending marketing digital product with high conversion.",
      "price": "USD 37",
      "url": "https://hop.clickbank.net/?affiliate=yourid&vendor=offer008"
    },
    {
      "title": "Lifestyle Mega Offer #9",
      "description": "Trending lifestyle digital product with high conversion.",
      "price": "USD 19",
      "url": "https://hop.clickbank.net/?affiliate=yourid&vendor=offer009"
    },
    {
      "title": "Marketing Mega Offer #10",
      "description": "Trending marketing digital product with high conversion.",
      "price": "USD 47",
      "url": "https://hop.clickbank.net/?affiliate=yourid&vendor=offer010"
    },
    {
      "title": "Business Mega Offer #11",
      "description": "Trending business digital product with high conversion.",
      "price": "USD 37",
      "url": "https://hop.clickbank.net/?affiliate=yourid&vendor=offer011"
    },
    {
      "title": "Beauty Mega Offer #12",
      "description": "Trending beauty digital product with high conversion.",
      "price": "USD 19",
      "url": "https://hop.clickbank.net/?affiliate=yourid&vendor=offer012"
    },
    {
      "title": "Business Mega Offer #13",
      "description": "Trending business digital product with high conversion.",
      "price": "USD 19",
      "url": "https://hop.clickbank.net/?affiliate=yourid&vendor=offer013"
    },
    {
      "title": "Business Mega Offer #14",
      "description": "Trending business digital product with high conversion.",
      "price": "USD 27",
      "url": "https://hop.clickbank.net/?affiliate=yourid&vendor=offer014"
    },
    {
      "title": "AI Mega Offer #15",
      "description": "Trending ai digital product with high conversion.",
      "price": "USD 27",
      "url": "https://hop.clickbank.net/?affiliate=yourid&vendor=offer015"
    },
    {
      "title": "Business Mega Offer #16",
      "description": "Trending business digital product with high conversion.",
      "price": "USD 57",
      "url": "https://hop.clickbank.net/?affiliate=yourid&vendor=offer016"
    },
    {
      "title": "Marketing Mega Offer #17",
      "description": "Trending marketing digital product with high conversion.",
      "price": "USD 19",
      "url": "https://hop.clickbank.net/?affiliate=yourid&vendor=offer017"
    },
    {
      "title": "AI Mega Offer #18",
      "description": "Trending ai digital product with high conversion.",
      "price": "USD 17",
      "url": "https://hop.clickbank.net/?affiliate=yourid&vendor=offer018"
    },
    {
      "title": "AI Mega Offer #19",
      "description": "Trending ai digital product with high conversion.",
      "price": "USD 57",
      "url": "https://hop.clickbank.net/?affiliate=yourid&vendor=offer019"
    },
    {
      "title": "Health Mega Offer #20",
      "description": "Trending health digital product with high conversion.",
      "price": "USD 47",
      "url": "https://hop.clickbank.net/?affiliate=yourid&vendor=offer020"
    },
    {
      "title": "Health Mega Offer #21",
      "description": "Trending health digital product with high conversion.",
      "price": "USD 17",
      "url": "https://hop.clickbank.net/?affiliate=yourid&vendor=offer021"
    },
    {
      "title": "Marketing Mega Offer #22",
      "description": "Trending marketing digital product with high conversion.",
      "price": "USD 17",
      "url": "https://hop.clickbank.net/?affiliate=yourid&vendor=offer022"
    },
    {
      "title": "Lifestyle Mega Offer #23",
      "description": "Trending lifestyle digital product with high conversion.",
      "price": "USD 29",
      "url": "https://hop.clickbank.net/?affiliate=yourid&vendor=offer023"
    },
    {
      "title": "Business Mega Offer #24",
      "description": "Trending business digital product with high conversion.",
      "price": "USD 57",
      "url": "https://hop.clickbank.net/?affiliate=yourid&vendor=offer024"
    },
    {
      "title": "Lifestyle Mega Offer #25",
      "description": "Trending lifestyle digital product with high conversion.",
      "price": "USD 19",
      "url": "https://hop.clickbank.net/?affiliate=yourid&vendor=offer025"
    },
    {
      "title": "Business Mega Offer #26",
      "description": "Trending business digital product with high conversion.",
      "price": "USD 29",
      "url": "https://hop.clickbank.net/?affiliate=yourid&vendor=offer026"
    },
    {
      "title": "Health Mega Offer #27",
      "description": "Trending health digital product with high conversion.",
      "price": "USD 57",
      "url": "https://hop.clickbank.net/?affiliate=yourid&vendor=offer027"
    },
    {
      "title": "Business Mega Offer #28",
      "description": "Trending business digital product with high conversion.",
      "price": "USD 29",
      "url": "https://hop.clickbank.net/?affiliate=yourid&vendor=offer028"
    },
    {
      "title": "Health Mega Offer #29",
      "description": "Trending health digital product with high conversion.",
      "price": "USD 27",
      "url": "https://hop.clickbank.net/?affiliate=yourid&vendor=offer029"
    },
    {
      "title": "Finance Mega Offer #30",
      "description": "Trending finance digital product with high conversion.",
      "price": "USD 19",
      "url": "https://hop.clickbank.net/?affiliate=yourid&vendor=offer030"
    },
    {
      "title": "Health Mega Offer #31",
      "description": "Trending health digital product with high conversion.",
      "price": "USD 27",
      "url": "https://hop.clickbank.net/?affiliate=yourid&vendor=offer031"
    },
    {
      "title": "Lifestyle Mega Offer #32",
      "description": "Trending lifestyle digital product with high conversion.",
      "price": "USD 19",
      "url": "https://hop.clickbank.net/?affiliate=yourid&vendor=offer032"
    },
    {
      "title": "Finance Mega Offer #33",
      "description": "Trending finance digital product with high conversion.",
      "price": "USD 27",
      "url": "https://hop.clickbank.net/?affiliate=yourid&vendor=offer033"
    },
    {
      "title": "Marketing Mega Offer #34",
      "description": "Trending marketing digital product with high conversion.",
      "price": "USD 29",
      "url": "https://hop.clickbank.net/?affiliate=yourid&vendor=offer034"
    },
    {
      "title": "Beauty Mega Offer #35",
      "description": "Trending beauty digital product with high conversion.",
      "price": "USD 37",
      "url": "https://hop.clickbank.net/?affiliate=yourid&vendor=offer035"
    },
    {
      "title": "Marketing Mega Offer #36",
      "description": "Trending marketing digital product with high conversion.",
      "price": "USD 57",
      "url": "https://hop.clickbank.net/?affiliate=yourid&vendor=offer036"
    },
    {
      "title": "Beauty Mega Offer #37",
      "description": "Trending beauty digital product with high conversion.",
      "price": "USD 29",
      "url": "https://hop.clickbank.net/?affiliate=yourid&vendor=offer037"
    },
    {
      "title": "Lifestyle Mega Offer #38",
      "description": "Trending lifestyle digital product with high conversion.",
      "price": "USD 57",
      "url": "https://hop.clickbank.net/?affiliate=yourid&vendor=offer038"
    },
    {
      "title": "Health Mega Offer #39",
      "description": "Trending health digital product with high conversion.",
      "price": "USD 47",
      "url": "https://hop.clickbank.net/?affiliate=yourid&vendor=offer039"
    },
    {
      "title": "Beauty Mega Offer #40",
      "description": "Trending beauty digital product with high conversion.",
      "price": "USD 21",
      "url": "https://hop.clickbank.net/?affiliate=yourid&vendor=offer040"
    },
    {
      "title": "Finance Mega Offer #41",
      "description": "Trending finance digital product with high conversion.",
      "price": "USD 29",
      "url": "https://hop.clickbank.net/?affiliate=yourid&vendor=offer041"
    },
    {
      "title": "AI Mega Offer #42",
      "description": "Trending ai digital product with high conversion.",
      "price": "USD 57",
      "url": "https://hop.clickbank.net/?affiliate=yourid&vendor=offer042"
    },
    {
      "title": "Lifestyle Mega Offer #43",
      "description": "Trending lifestyle digital product with high conversion.",
      "price": "USD 21",
      "url": "https://hop.clickbank.net/?affiliate=yourid&vendor=offer043"
    },
    {
      "title": "Beauty Mega Offer #44",
      "description": "Trending beauty digital product with high conversion.",
      "price": "USD 17",
      "url": "https://hop.clickbank.net/?affiliate=yourid&vendor=offer044"
    },
    {
      "title": "Business Mega Offer #45",
      "description": "Trending business digital product with high conversion.",
      "price": "USD 47",
      "url": "https://hop.clickbank.net/?affiliate=yourid&vendor=offer045"
    },
    {
      "title": "Finance Mega Offer #46",
      "description": "Trending finance digital product with high conversion.",
      "price": "USD 17",
      "url": "https://hop.clickbank.net/?affiliate=yourid&vendor=offer046"
    },
    {
      "title": "Finance Mega Offer #47",
      "description": "Trending finance digital product with high conversion.",
      "price": "USD 47",
      "url": "https://hop.clickbank.net/?affiliate=yourid&vendor=offer047"
    },
    {
      "title": "Beauty Mega Offer #48",
      "description": "Trending beauty digital product with high conversion.",
      "price": "USD 19",
      "url": "https://hop.clickbank.net/?affiliate=yourid&vendor=offer048"
    },
    {
      "title": "Finance Mega Offer #49",
      "description": "Trending finance digital product with high conversion.",
      "price": "USD 21",
      "url": "https://hop.clickbank.net/?affiliate=yourid&vendor=offer049"
    },
    {
      "title": "Beauty Mega Offer #50",
      "description": "Trending beauty digital product with high conversion.",
      "price": "USD 57",
      "url": "https://hop.clickbank.net/?affiliate=yourid&vendor=offer050"
    },
    {
      "title": "Beauty Mega Offer #51",
      "description": "Trending beauty digital product with high conversion.",
      "price": "USD 21",
      "url": "https://hop.clickbank.net/?affiliate=yourid&vendor=offer051"
    },
    {
      "title": "Marketing Mega Offer #52",
      "description": "Trending marketing digital product with high conversion.",
      "price": "USD 37",
      "url": "https://hop.clickbank.net/?affiliate=yourid&vendor=offer052"
    },
    {
      "title": "AI Mega Offer #53",
      "description": "Trending ai digital product with high conversion.",
      "price": "USD 57",
      "url": "https://hop.clickbank.net/?affiliate=yourid&vendor=offer053"
    },
    {
      "title": "Business Mega Offer #54",
      "description": "Trending business digital product with high conversion.",
      "price": "USD 29",
      "url": "https://hop.clickbank.net/?affiliate=yourid&vendor=offer054"
    },
    {
      "title": "Marketing Mega Offer #55",
      "description": "Trending marketing digital product with high conversion.",
      "price": "USD 21",
      "url": "https://hop.clickbank.net/?affiliate=yourid&vendor=offer055"
    },
    {
      "title": "Lifestyle Mega Offer #56",
      "description": "Trending lifestyle digital product with high conversion.",
      "price": "USD 37",
      "url": "https://hop.clickbank.net/?affiliate=yourid&vendor=offer056"
    },
    {
      "title": "Lifestyle Mega Offer #57",
      "description": "Trending lifestyle digital product with high conversion.",
      "price": "USD 29",
      "url": "https://hop.clickbank.net/?affiliate=yourid&vendor=offer057"
    },
    {
      "title": "Health Mega Offer #58",
      "description": "Trending health digital product with high conversion.",
      "price": "USD 27",
      "url": "https://hop.clickbank.net/?affiliate=yourid&vendor=offer058"
    },
    {
      "title": "Finance Mega Offer #59",
      "description": "Trending finance digital product with high conversion.",
      "price": "USD 19",
      "url": "https://hop.clickbank.net/?affiliate=yourid&vendor=offer059"
    },
    {
      "title": "Marketing Mega Offer #60",
      "description": "Trending marketing digital product with high conversion.",
      "price": "USD 17",
      "url": "https://hop.clickbank.net/?affiliate=yourid&vendor=offer060"
    },
    {
      "title": "Finance Mega Offer #61",
      "description": "Trending finance digital product with high conversion.",
      "price": "USD 37",
      "url": "https://hop.clickbank.net/?affiliate=yourid&vendor=offer061"
    },
    {
      "title": "AI Mega Offer #62",
      "description": "Trending ai digital product with high conversion.",
      "price": "USD 27",
      "url": "https://hop.clickbank.net/?affiliate=yourid&vendor=offer062"
    },
    {
      "title": "Finance Mega Offer #63",
      "description": "Trending finance digital product with high conversion.",
      "price": "USD 19",
      "url": "https://hop.clickbank.net/?affiliate=yourid&vendor=offer063"
    },
    {
      "title": "Business Mega Offer #64",
      "description": "Trending business digital product with high conversion.",
      "price": "USD 19",
      "url": "https://hop.clickbank.net/?affiliate=yourid&vendor=offer064"
    },
    {
      "title": "Beauty Mega Offer #65",
      "description": "Trending beauty digital product with high conversion.",
      "price": "USD 47",
      "url": "https://hop.clickbank.net/?affiliate=yourid&vendor=offer065"
    },
    {
      "title": "Health Mega Offer #66",
      "description": "Trending health digital product with high conversion.",
      "price": "USD 47",
      "url": "https://hop.clickbank.net/?affiliate=yourid&vendor=offer066"
    },
    {
      "title": "AI Mega Offer #67",
      "description": "Trending ai digital product with high conversion.",
      "price": "USD 57",
      "url": "https://hop.clickbank.net/?affiliate=yourid&vendor=offer067"
    },
    {
      "title": "AI Mega Offer #68",
      "description": "Trending ai digital product with high conversion.",
      "price": "USD 57",
      "url": "https://hop.clickbank.net/?affiliate=yourid&vendor=offer068"
    },
    {
      "title": "Lifestyle Mega Offer #69",
      "description": "Trending lifestyle digital product with high conversion.",
      "price": "USD 17",
      "url": "https://hop.clickbank.net/?affiliate=yourid&vendor=offer069"
    },
    {
      "title": "AI Mega Offer #70",
      "description": "Trending ai digital product with high conversion.",
      "price": "USD 37",
      "url": "https://hop.clickbank.net/?affiliate=yourid&vendor=offer070"
    },
    {
      "title": "Business Mega Offer #71",
      "description": "Trending business digital product with high conversion.",
      "price": "USD 27",
      "url": "https://hop.clickbank.net/?affiliate=yourid&vendor=offer071"
    },
    {
      "title": "AI Mega Offer #72",
      "description": "Trending ai digital product with high conversion.",
      "price": "USD 47",
      "url": "https://hop.clickbank.net/?affiliate=yourid&vendor=offer072"
    },
    {
      "title": "AI Mega Offer #73",
      "description": "Trending ai digital product with high conversion.",
      "price": "USD 19",
      "url": "https://hop.clickbank.net/?affiliate=yourid&vendor=offer073"
    },
    {
      "title": "Marketing Mega Offer #74",
      "description": "Trending marketing digital product with high conversion.",
      "price": "USD 37",
      "url": "https://hop.clickbank.net/?affiliate=yourid&vendor=offer074"
    },
    {
      "title": "Marketing Mega Offer #75",
      "description": "Trending marketing digital product with high conversion.",
      "price": "USD 17",
      "url": "https://hop.clickbank.net/?affiliate=yourid&vendor=offer075"
    },
    {
      "title": "AI Mega Offer #76",
      "description": "Trending ai digital product with high conversion.",
      "price": "USD 17",
      "url": "https://hop.clickbank.net/?affiliate=yourid&vendor=offer076"
    },
    {
      "title": "Marketing Mega Offer #77",
      "description": "Trending marketing digital product with high conversion.",
      "price": "USD 19",
      "url": "https://hop.clickbank.net/?affiliate=yourid&vendor=offer077"
    },
    {
      "title": "Health Mega Offer #78",
      "description": "Trending health digital product with high conversion.",
      "price": "USD 19",
      "url": "https://hop.clickbank.net/?affiliate=yourid&vendor=offer078"
    },
    {
      "title": "Lifestyle Mega Offer #79",
      "description": "Trending lifestyle digital product with high conversion.",
      "price": "USD 19",
      "url": "https://hop.clickbank.net/?affiliate=yourid&vendor=offer079"
    },
    {
      "title": "Health Mega Offer #80",
      "description": "Trending health digital product with high conversion.",
      "price": "USD 17",
      "url": "https://hop.clickbank.net/?affiliate=yourid&vendor=offer080"
    },
    {
      "title": "Beauty Mega Offer #81",
      "description": "Trending beauty digital product with high conversion.",
      "price": "USD 57",
      "url": "https://hop.clickbank.net/?affiliate=yourid&vendor=offer081"
    },
    {
      "title": "Business Mega Offer #82",
      "description": "Trending business digital product with high conversion.",
      "price": "USD 37",
      "url": "https://hop.clickbank.net/?affiliate=yourid&vendor=offer082"
    },
    {
      "title": "Finance Mega Offer #83",
      "description": "Trending finance digital product with high conversion.",
      "price": "USD 17",
      "url": "https://hop.clickbank.net/?affiliate=yourid&vendor=offer083"
    },
    {
      "title": "Beauty Mega Offer #84",
      "description": "Trending beauty digital product with high conversion.",
      "price": "USD 19",
      "url": "https://hop.clickbank.net/?affiliate=yourid&vendor=offer084"
    },
    {
      "title": "Health Mega Offer #85",
      "description": "Trending health digital product with high conversion.",
      "price": "USD 27",
      "url": "https://hop.clickbank.net/?affiliate=yourid&vendor=offer085"
    },
    {
      "title": "Business Mega Offer #86",
      "description": "Trending business digital product with high conversion.",
      "price": "USD 27",
      "url": "https://hop.clickbank.net/?affiliate=yourid&vendor=offer086"
    },
    {
      "title": "Beauty Mega Offer #87",
      "description": "Trending beauty digital product with high conversion.",
      "price": "USD 27",
      "url": "https://hop.clickbank.net/?affiliate=yourid&vendor=offer087"
    },
    {
      "title": "Beauty Mega Offer #88",
      "description": "Trending beauty digital product with high conversion.",
      "price": "USD 21",
      "url": "https://hop.clickbank.net/?affiliate=yourid&vendor=offer088"
    },
    {
      "title": "Finance Mega Offer #89",
      "description": "Trending finance digital product with high conversion.",
      "price": "USD 27",
      "url": "https://hop.clickbank.net/?affiliate=yourid&vendor=offer089"
    },
    {
      "title": "Beauty Mega Offer #90",
      "description": "Trending beauty digital product with high conversion.",
      "price": "USD 29",
      "url": "https://hop.clickbank.net/?affiliate=yourid&vendor=offer090"
    },
    {
      "title": "Beauty Mega Offer #91",
      "description": "Trending beauty digital product with high conversion.",
      "price": "USD 19",
      "url": "https://hop.clickbank.net/?affiliate=yourid&vendor=offer091"
    },
    {
      "title": "Health Mega Offer #92",
      "description": "Trending health digital product with high conversion.",
      "price": "USD 57",
      "url": "https://hop.clickbank.net/?affiliate=yourid&vendor=offer092"
    },
    {
      "title": "AI Mega Offer #93",
      "description": "Trending ai digital product with high conversion.",
      "price": "USD 37",
      "url": "https://hop.clickbank.net/?affiliate=yourid&vendor=offer093"
    },
    {
      "title": "Finance Mega Offer #94",
      "description": "Trending finance digital product with high conversion.",
      "price": "USD 37",
      "url": "https://hop.clickbank.net/?affiliate=yourid&vendor=offer094"
    },
    {
      "title": "Health Mega Offer #95",
      "description": "Trending health digital product with high conversion.",
      "price": "USD 19",
      "url": "https://hop.clickbank.net/?affiliate=yourid&vendor=offer095"
    },
    {
      "title": "Lifestyle Mega Offer #96",
      "description": "Trending lifestyle digital product with high conversion.",
      "price": "USD 27",
      "url": "https://hop.clickbank.net/?affiliate=yourid&vendor=offer096"
    },
    {
      "title": "Lifestyle Mega Offer #97",
      "description": "Trending lifestyle digital product with high conversion.",
      "price": "USD 47",
      "url": "https://hop.clickbank.net/?affiliate=yourid&vendor=offer097"
    },
    {
      "title": "Health Mega Offer #98",
      "description": "Trending health digital product with high conversion.",
      "price": "USD 57",
      "url": "https://hop.clickbank.net/?affiliate=yourid&vendor=offer098"
    },
    {
      "title": "Finance Mega Offer #99",
      "description": "Trending finance digital product with high conversion.",
      "price": "USD 17",
      "url": "https://hop.clickbank.net/?affiliate=yourid&vendor=offer099"
    },
    {
      "title": "AI Mega Offer #100",
      "description": "Trending ai digital product with high conversion.",
      "price": "USD 29",
      "url": "https://hop.clickbank.net/?affiliate=yourid&vendor=offer100"
    }
  ]
}