[
  {
    "subject": "\ud83d\udd25 Weekly Picks: Fresh Trending + Exclusive Bundle",
    "body": "This week\u2019s best-sellers + Profit Bundle.\nShop now: https://YOUR_SITE_URL"
  },
  {
    "subject": "\ud83d\udc8e New in CoreyShop: Owned products, 100% margin",
    "body": "Instant downloads, no subscriptions.\nExplore owned products: https://YOUR_SITE_URL#owned"
  },
  {
    "subject": "\ud83d\ude80 Trending Updated \u2014 Highest Commissions This Month",
    "body": "Your Trending section just refreshed.\nSee hot offers: https://YOUR_SITE_URL#trending"
  }
]