[
  {
    "subject": "🎉 CoreyShop is LIVE — 20% Off Everything!",
    "body": "Hi [First Name],\\n\\nThe wait is over! CoreyShop is now live — your digital toolkit for finance, lifestyle, and business success.\\n\\n👉 Shop now and enjoy 20% off this week only.\\n"
  },
  {
    "subject": "📈 People are already downloading CoreyShop",
    "body": "Hi [First Name],\\n\\nCoreyShop just launched — and downloads are already rolling in! Here’s why people are loving it: finance tools, fitness guides, and business playbooks.\\n\\n👉 Claim your 20% Off → [Shop CoreyShop Now]\\n"
  },
  {
    "subject": "⏳ 48 Hours Left to Save 20%",
    "body": "Hi [First Name],\\n\\nReminder: CoreyShop’s launch discount ends in 48 hours.\\n\\n👉 Don’t wait. Grab your downloads today.\\n"
  },
  {
    "subject": "🚨 Last Day: CoreyShop Launch Discount Ends Tonight!",
    "body": "Hi [First Name],\\n\\nThis is it — the launch deal ends tonight. After today, prices go back to normal.\\n\\n👉 Shop CoreyShop before midnight.\\n"
  },
  {
    "subject": "🔥 This week’s digital toolkit from CoreyShop",
    "body": "Hi [First Name],\\n\\nEvery week, CoreyShop adds new products to help you save money, get healthier, and grow your business.\\n\\nThis week’s spotlight: Budget Planner, Fitness Challenge, Marketing Playbook.\\n👉 Check them out here → [CoreyShop Link]\\n"
  }
]